EMP ID,EMP NAME,DESIGNATION,Email,Joining Date,PER DAY Salary,Phone,Company
E-001,Ahmed    Rahman,web developer ,ahmed rahman2.@gmail.com,1735689600000,3000,+881723456789,Tech Solutions Ltd.
E-002,Fatima Akter,web designer,fatima akter3.@gmail.com,1735776000000,2000,+88183230203,Tech Solutions Ltd.
E-003,Mohammad  Ali,app developer,mohammad ali4.@gmail.com,1735862400000,4000,+88132123432,Tech Solutions Ltd.
E-004,Nusrat jahan,Data entry ,nusrat jahan5.@gmail.com,1735948800000,2000,+88191288393928,Tech Solutions Ltd.
E-005,Imran Hossain,Data analyst,imran hossain6.@gmail.com,1736035200000,4000,+8816567890123,Tech Solutions Ltd.
E-006,Ayesha Siddika ,Grafics designer,ayesha siddika7.@gmail.com,1736121600000,1500,+881878901234,Tech Solutions Ltd.
E-007,Laila  jahan,Data entry ,laila jahan8.@gmail.com,1736208000000,2000,+881815101010,Tech Solutions Ltd.
E-008,Nadia  Akter,seo expert,nadia akter9.@gmail.com,1736294400000,4000,+881815429299,Tech Solutions Ltd.
E-009,Tariq Ahmed,digital marketing ,tariq ahmed10.@gmail.com,1736380800000,3500,+88191393040,Tech Solutions Ltd.
E-010,ayesha shah,Data entry ,ayesha shah11.@gmail.com,1736467200000,2000,+881815432088,Tech Solutions Ltd.
E-011,Hassan  ALI,Data scripting,hassan ali12.@gmail.com,1736553600000,3000,+881813292922,Tech Solutions Ltd.
E-012,Mina  khan,seo expert,mina khan13.@gmail.com,1736640000000,2500,+881912238477,Tech Solutions Ltd.
E-013,Omar  Rahman,web developer ,omar rahman14.@gmail.com,1736726400000,3000,+881812324932,Tech Solutions Ltd.
E-014,Zara  Hossain,web designer,zara hossain15.@gmail.com,1736812800000,3000,+881823428322,Tech Solutions Ltd.
E-015,Saad Uddin,seo expert,saad uddin16.@gmail.com,1736899200000,1400,+88191233488,Tech Solutions Ltd.
E-016,Fariha  jahan ,digital marketing ,fariha jahan17.@gmail.com,1736985600000,3700,+8818921238381,Tech Solutions Ltd.
E-017,Nazim  Chowdury ,Grafics designer,nazim chowdury18.@gmail.com,1737072000000,1200,+881923458732,Tech Solutions Ltd.
E-018,Sonia  Akter,Data analyst,sonia akter19.@gmail.com,1737158400000,5000,+881821223344,Tech Solutions Ltd.
E-019,Adnan Ahmed,Data entry ,adnan ahmed20.@gmail.com,1737244800000,2000,+881823458723,Tech Solutions Ltd.
E-020,Hina  shah,Data scripting,hina shah21.@gmail.com,1737331200000,1000,+881821038211,Tech Solutions Ltd.
E-021,Samira khan,app developer,samira khan22.@gmail.com,1737417600000,4000,+881821223349,Tech Solutions Ltd.
E-022,Junaid  Ahmed,seo expert,junaid ahmed23.@gmail.com,1737504000000,3000,+881821212288,Tech Solutions Ltd.
E-023,Rumana  Hossain,digital marketing ,rumana hossain24.@gmail.com,1737590400000,4000,+881821293399,Tech Solutions Ltd.
E-024,Shafiq  Uddin,Grafics designer,shafiq uddin25.@gmail.com,1737676800000,1600,+881921229922,Tech Solutions Ltd.
E-025,wasim Hassan,seo expert,wasim hassan26.@gmail.com,1737763200000,3000,+881312383838,Tech Solutions Ltd.
E-026,Rafia  Islam ,digital marketing ,rafia islam27.@gmail.com,1737849600000,1800,+881921992232,Tech Solutions Ltd.
E-027,Meher  Akter,web designer,meher akter28.@gmail.com,1737936000000,2000,+881821328928,Tech Solutions Ltd.
E-028,Nabila  Chowdury ,app developer,nabila chowdury29.@gmail.com,1738022400000,1400,+881821223300,Tech Solutions Ltd.
E-029,Farhan  Rahman,digital marketing ,farhan rahman30.@gmail.com,1738108800000,2000,+88171291919,Tech Solutions Ltd.
E-030,Amin  Uddin,seo expert,amin uddin31.@gmail.com,1738195200000,4000,+881912882277,Tech Solutions Ltd.
E-031,Lina Shah,web designer,lina shah32.@gmail.com,1738281600000,1000,+881821818181,Tech Solutions Ltd.
E-032,Sabrina  jahan ,backend developer,sabrina jahan33.@gmail.com,1738368000000,2000,+881821282727,Tech Solutions Ltd.
